{
 "ours_1000": {
  "SSIM": 0.9124816060066223,
  "PSNR": 31.10968589782715,
  "LPIPS": 0.06996706873178482
 }
}