{
 "ours_1000": {
  "SSIM": 0.8453747630119324,
  "PSNR": 28.633350372314453,
  "LPIPS": 0.1999838650226593
 }
}