{
 "ours_1000": {
  "SSIM": 0.852456271648407,
  "PSNR": 29.127582550048828,
  "LPIPS": 0.20035085082054138
 }
}